Workbook

Sheet Synthèse
A1: SYNTHÈSE BUDGÉTAIRE – PROJET GENDER NORM
A2: Région du Zou-Collines – 150 ecoles
A4: Composante | B4: Montant (USD) | C4: % du total
A5: 1. Listing des participants | B5: =Listing!E14 -> 8360 | C5: =B5/B16 -> 0.042021453
A6: 2. Formation (enquêteurs + facilitateurs) | B6: =Formation!E36 -> 20379 | C6: =B6/B16 -> 0.10243483
A7: 3. Collecte baseline (2 080 enquêtes) | B7: =Baseline!E19 -> 35699 | C7: =B7/B16 -> 0.17944065
A8: 4. Intervention (65 villages) | B8: =Intervention!E15 -> 44910 | C8: =B8/B16 -> 0.22573965
A9: 5. Collecte endline (2 080 enquêtes) | B9: =Endline!E19 -> 35699 | C9: =B9/B16 -> 0.17944065
A10: 6. Contrôle qualité | B10: =ContrôleQualité!E7 -> 1248 | C10: =B10/B16 -> 0.006273059
A11: 7. Gestion des données | B11: =GestionDonnées!E10 -> 8965 | C11: =B11/B16 -> 0.045062479
A12: 8. Coordination et gestion de projet | B12: =Coordination!E11 -> 25600 | C12: =B12/B16 -> 0.12867813
A13: Sous-total activités | B13: =SUM(B5:B12) -> 180860 | C13: =B13/B16 -> 0.90909091
A14: 9. Imprévus (5 %) | B14: =B13*Paramètres!$B$43 -> 9043 | C14: =B14/B16 -> 0.045454545
A15: 10. Frais de gestion (5 %) | B15: =B13*Paramètres!$B$44 -> 9043 | C15: =B15/B16 -> 0.045454545
A16: TOTAL GÉNÉRAL | B16: =B13+B14+B15 -> 198946 | C16: 100%
A19: LÉGENDE DES COULEURS
A20: Bleu | B20: Valeurs modifiables (taux, quantités)
A21: Noir | B21: Formules de calcul automatique
A22: Vert | B22: Liens vers la feuille Paramètres

Sheet Paramètres
A1: PARAMÈTRES GLOBAUX DU PROJET
A2: Modifiez UNIQUEMENT les cellules bleues. Tous les calculs du fichier s'ajusteront automatiquement.
A4: TAUX JOURNALIERS ET HONORAIRES | B4: MONTANT(USD) | C4: JUSTIFICATIF
A5: Taux enquêteur (USD/jour) | B5: 28 | C5: Standard pour profil expérimenté
A6: Taux superviseur – honoraires (USD/jour) | B6: 35 | C6: Standard pour profil expérimenté
A7: Taux superviseur intervention et listing – coût journalier complet (USD/jour) | B7: 50 | C7: Honoraires + per diem
A8: Taux facilitateur (USD/mois intervention) | B8: 150 | C8: Standard pour profil expérimenté
A9: Taux chef de projet (USD/mois) | B9: 1200 | C9: Profil senior 5-10 ans d'expérience
A10: Taux coordinateur terrain (USD/mois) | B10: 800 | C10: Profil intermédiaire
A11: Taux data manager (USD/mois) | B11: 700 | C11: Profil intermédiaire
A12: Taux assistant de recherche(USD/mois) | B12: 500 | C12: Profil junior
A14: PER DIEM ET LOGISTIQUE | B14: MONTANT(USD) | C14: JUSTIFICATIF
A15: Per diem enquêteur (USD/jour) | B15: 10 | C15: Repas (petits frais en zone rurale)
A16: Per diem superviseur (USD/jour) | B16: 15 | C16: Inclut frais de représentation
A17: Per diem formation enqueteurs(USD/jour) | B17: 15 | C17: Zone urbaine, repas plus chers
A18: Per diem formation formateurs (USD/jour) | B18: 27 | C18: Zone urbaine, repas plus chers
A19: Per diem formation facilitateur (USD/jour) | B19: 18 | C19: Zone urbaine, repas plus chers
A20: Hébergement enquêteur (USD/nuit) | B20: 12 | C20: Auberge locale zone rurale
A21: Hébergement superviseur (USD/nuit) | B21: 18 | C21: Standard supérieur
A22: Transport local moto-taxi (USD/jour) | B22: 5 | C22: Zémidjan inter et intra-village
A23: Location véhicule (USD/jour) | B23: 80 | C23: Location + chauffeur sans carburant
A24: Location salle formation (USD/jour) | B24: 180 | C24: Hôtel ou centre à Abomey/Bohicon
A25: Carburation (USD/jour) | B25: 120 | C25: Frais de carburation par jour
A26: Fournitures et consommables bureau | B26: 500 | C26: Papier, stylos, cartouches, etc. sur 7 mois.
A29: PARAMÈTRES STRUCTURELS DU PROJET | B29: NOMBRE | C29: Justification
A30: Nombre total d'ecole | B30: 150 | C30: Départements Atlantique & Zou
A31: Nombre de villages de traitement | B31: 100 | C31: 3 000 filles bénéficiaires
A32: Nombre de participantes par village | B32: 16 | C32: Fixé par le bailleur
A33: Nombre total d'enquêtes par collecte | B33: 2080 | C33: 130 villages × 16enquetes
A34: Nombre d'enquêteurs | B34: 26 | C34: Fixé par le bailleur
A35: Nombre de jours de collecte | B35: 16 | C35: Fixé par le bailleur
A36: Nombre de superviseurs | B36: 5 | C36: 1 ou 2 personnes par equipe
A37: Nombre de facilitateurs | B37: 65 | C37: 1 par village de traitement
A38: Durée intervention (mois) | B38: 3 | C38: Fixé par le bailleur
A39: Nombre de formateurs | B39: 5
A42: TAUX DE PROVISIONS ET FRAIS GÉNÉRAUX | C42: JUSTIFICATIF
A43: Taux imprévus (%) | B43: 0.05 | C43: Standard pour projets 6-12 mois en contexte rural africain
A44: Taux frais de gestion (%) | B44: 0.05 | C44: Overhead structurel – cabinet local
A47: TAUX DE CHANGE USD UTILISE | B47: USD 559

Sheet Listing
A1: 1. LISTING DES PARTICIPANTS
A2: L’objectif ici est de procéder à une première phase de prélisting afin d’assurer le bon déroulement de tout le projet. Cette organisation permettra d’avoir une base de données bien définie dès le départ, de faciliter le travail des agents enquêteurs et d’assurer un bon suivi du travail.
A3: Identification des femmes éligibles dans 130 villages (10 listeurs × 12 jours)
A5: Poste | B5: Prix Unitaire (USD) | C5: Nombre de Personnes | D5: Nombre de Jours | E5: Montant (USD) | F5: Justificatifs
A6: Rémunération listeurs | B6: =Paramètres!$B$5 -> 28 | C6: 10 | D6: 12 | E6: =B6*C6*D6 -> 3360 | F6: Chaque listeur est rémunéré à 20 USD par jour travaillé. Ce taux a été aligné sur celui des enquêteurs fixé par le commanditaire dans les TDR.
A7: Per diem listeurs (repas) | B7: =Paramètres!$B$15 -> 10 | C7: 10 | D7: 12 | E7: =B7*C7*D7 -> 1200 | F7: Le per diem couvre les repas et les petits frais quotidiens en zone rurale (environ 6 000 FCFA).
A8: Hébergement listeurs | B8: =Paramètres!$B$20 -> 12 | C8: 10 | D8: 10 | E8: =B8*C8*D8 -> 1200 | F8: Auberges locales à 12 USD/nuit. 10 nuits pour 12 jours (arrivée J1 matin et départ J12 soir).
A9: Transport local (moto-taxi) | B9: =Paramètres!$B$22 -> 5 | C9: 10 | D9: 12 | E9: =B9*C9*D9 -> 600 | F9: Zémidjans pour déplacements dans et entre villages proches.
A10: Supervision (honoraires + per diem) | B10: =Paramètres!$B$7 -> 50 | C10: 2 | D10: 6 | E10: =B10*C10*D10 -> 600 | F10: 2 superviseurs à 35 USD honoraires + 15 USD per diem = 50 USD/jour.
A11: Location véhicule supervision | B11: =Paramètres!$B$23 -> 80 | C11: 1 | D11: 6 | E11: =B11*C11*D11 -> 480 | F11: Pickup ou 4×4 avec chauffeur, sans carburant.
A12: Communication / crédit téléphonique | B12: 200 | C12: 1 | D12: 1 | E12: =B12*C12*D12 -> 200 | F12: Forfait pour appels et SMS entre équipes terrain, superviseurs et coordination.
A13: Carburant | B13: =Paramètres!$B$25 -> 120 | C13: 1 | D13: 6 | E13: =B13*C13*D13 -> 720 | F13: Forfait global dépendant de la distance et de la saison.
A14: TOTAL LISTING | E14: =SUM(E6:E13) -> 8360

Sheet Formation
A1: 2. FORMATION (ENQUÊTEURS + FACILITATEURS)
A2: 3 sessions : Formation A (enquêteurs baseline, 5j), Formation B (endline rappel, 3j), Formation C (65 facilitateurs, 5j × 2 cohortes)
A4: FORMATION A – ENQUÊTEURS BASELINE (5 jours)
A5: Poste | B5: Prix Unitaire (USD) | C5: Nombre | D5: Nombre de Jours/Quantité | E5: Montant (USD) | F5: Justificatifs
A6: Per diem formation formateurs | B6: =Paramètres!$B$18 -> 27 | C6: =Paramètres!$B$39 -> 5 | D6: 5 | E6: =B6*C6*D6 -> 675 | F6: Per diem urbain plus élevé qu'en collecte rurale.Repas+déplacement
A7: Per diem formation enqueteurs | B7: =Paramètres!$B$17 -> 15 | C7: =Paramètres!$B$34 -> 26 | D7: 5 | E7: =B7*C7*D7 -> 1950 | F7: Per diem urbain plus élevé qu'en collecte rurale.Repas+déplacement
A8: Raffraichissement | B8: 4 | C8: 30 | D8: 1 | E8: =B8*C8*D8 -> 120 | F8: 30 packs d'eau evalué pour toute la periode de la formation
A9: Hébergement enquêteurs | B9: =Paramètres!$B$20 -> 12 | C9: =Paramètres!$B$34 -> 26 | D9: 4 | E9: =B9*C9*D9 -> 1248 | F9: 4 nuits pour 5 jours (arrivée J1 matin, départ J5 soir).
A10: Location salle | B10: =Paramètres!$B$24 -> 180 | C10: 1 | D10: 5 | E10: =B10*C10*D10 -> 900 | F10: Salle dans un hôtel ou centre de formation.
A11: Matériel pédagogique | B11: 350 | C11: 1 | D11: 1 | E11: =B11*C11*D11 -> 350 | F11: Manuels, photocopies, paperboards, stylos.
A12: Sous-total Formation A | E12: =SUM(E6:E11) -> 5243
A15: FORMATION B – ENQUÊTEURS ENDLINE (3 jours de rappel)
A16: Poste | B16: Prix Unitaire (USD) | C16: Nombre | D16: Nombre de Jours | E16: Montant (USD) | F16: Justificatifs
A17: Per diem formation formateurs | B17: =Paramètres!$B$18 -> 27 | C17: =Paramètres!$B$39 -> 5 | D17: 3 | E17: =B17*C17*D17 -> 405 | F17: Per diem urbain plus élevé qu'en collecte rurale.Repas+déplacement
A18: Per diem formation enqueteurs | B18: =Paramètres!$B$17 -> 15 | C18: =Paramètres!$B$34 -> 26 | D18: 3 | E18: =B18*C18*D18 -> 1170 | F18: Per diem urbain plus élevé qu'en collecte rurale.Repas+déplacement
A19: Raffraichissement | B19: 4 | C19: 18 | D19: 1 | E19: =B19*C19*D19 -> 72 | F19: 18 packs d'eau evalué pour toute la periode de la formation
A20: Hébergement enquêteurs | B20: =Paramètres!$B$20 -> 12 | C20: =Paramètres!$B$34 -> 26 | D20: 2 | E20: =B20*C20*D20 -> 624 | F20: 2 nuits pour 3 jours (arrivée J1 matin, départ J3 soir).
A21: Location salle | B21: =Paramètres!$B$24 -> 180 | C21: 1 | D21: 3 | E21: =B21*C21*D21 -> 540 | F21: Salle dans un hôtel ou centre de formation.
A22: Matériel pédagogique | B22: 350 | C22: 1 | D22: 1 | E22: =B22*C22*D22 -> 350 | F22: Manuels, photocopies, paperboards, stylos.
A23: Sous-total Formation B | E23: =SUM(E17:E22) -> 3161
A26: FORMATION C – FACILITATEURS (5 jours × 2 cohortes)
A27: Poste | B27: Prix Unitaire (USD) | C27: Nombre de Personnes | D27: Nombre de Jours | E27: Montant (USD) | F27: Justificatifs
A28: Per diem formation facilitateurs | B28: =Paramètres!$B$19 -> 18 | C28: =Paramètres!$B$37 -> 65 | D28: 5 | E28: =B28*C28*D28 -> 5850 | F28: Per diem urbain plus élevé qu'en collecte rurale.Repas+déplacement
A29: Per diem formation formateurs | B29: =Paramètres!$B$18 -> 27 | C29: =Paramètres!$B$39 -> 5 | D29: 3 | E29: =B29*C29*D29 -> 405 | F29: Per diem urbain plus élevé qu'en collecte rurale.Repas+déplacement
A30: Hébergement facilitateurs | B30: =Paramètres!$B$20 -> 12 | C30: =Paramètres!$B$37 -> 65 | D30: 4 | E30: =B30*C30*D30 -> 3120 | F30: 4 nuits pour 5 jours.
A31: Location salle (2 cohortes) | B31: =Paramètres!$B$24 -> 180 | C31: 1 | D31: 10 | E31: =B31*C31*D31 -> 1800 | F31: 5 jours × 2 cohortes pour garantir qualité pédagogique.
A32: Matériel pédagogique | B32: 800 | C32: 1 | D32: 1 | E32: =B32*C32*D32 -> 800 | F32: Flipcharts, marqueurs, posters, cartes d'activités, clés USB.
A33: Sous-total Formation C | E33: =SUM(E28:E32) -> 11975
A36: TOTAL FORMATION | E36: =E12+E23+E33 -> 20379

Sheet Baseline
A1: 3. COLLECTE BASELINE (2 080 enquêtes)
A2: 26 enquêteurs × 16 jours × 5 enquêtes/jour + 5 superviseurs + 3 véhicules
A4: Poste | B4: Prix Unitaire (USD) | C4: Nombre de Personnes | D4: Nombre de Jours | E4: Montant (USD) | F4: Justificatifs
A5: Taux enquêteurs | B5: =Paramètres!$B$5 -> 28 | C5: =Paramètres!$B$34 -> 26 | D5: =Paramètres!$B$35 -> 16 | E5: =B5*C5*D5 -> 11648 | F5: Taux fixé par le bailleur
A6: Per diem enquêteurs (repas) | B6: =Paramètres!$B$15 -> 10 | C6: =Paramètres!$B$34 -> 26 | D6: =Paramètres!$B$35 -> 16 | E6: =B6*C6*D6 -> 4160 | F6: Repas en zone rurale.
A7: Hébergement enquêteurs | B7: =Paramètres!$B$20 -> 12 | C7: =Paramètres!$B$34 -> 26 | D7: =Paramètres!$B$35-2 -> 14 | E7: =B7*C7*D7 -> 4368 | F7: 14 nuits pour 16 jours.
A8: Transport local (moto-taxi) | B8: =Paramètres!$B$22 -> 5 | C8: =Paramètres!$B$34 -> 26 | D8: =Paramètres!$B$35 -> 16 | E8: =B8*C8*D8 -> 2080 | F8: Zémidjan pour déplacements inter et intra-village.
A9: Taux superviseurs | B9: =Paramètres!$B$6 -> 35 | C9: =Paramètres!$B$36 -> 5 | D9: =Paramètres!$B$35 -> 16 | E9: =B9*C9*D9 -> 2800 | F9: Profil expérimenté, ratio 1:5 enquêteurs.
A10: Per diem superviseurs(repas) | B10: =Paramètres!$B$16 -> 15 | C10: =Paramètres!$B$36 -> 5 | D10: =Paramètres!$B$35 -> 16 | E10: =B10*C10*D10 -> 1200 | F10: Per diem supérieur pour frais de représentation.
A11: Hébergement superviseurs | B11: =Paramètres!$B$21 -> 18 | C11: =Paramètres!$B$36 -> 5 | D11: =Paramètres!$B$35-2 -> 14 | E11: =B11*C11*D11 -> 1260 | F11: Standard supérieur aux enquêteurs.
A12: Location véhicules supervision | B12: =Paramètres!$B$23 -> 80 | C12: 3 | D12: =Paramètres!$B$35 -> 16 | E12: =B12*C12*D12 -> 3840 | F12: 3 véhicules pour couvrir les 3 zones géographiques.
A13: Carburant | B13: =Paramètres!$B$25 -> 120 | C13: 1 | D13: 9 | E13: =B13*C13*D13 -> 1080 | F13: Forfait global dépendant de la distance et de la saison.
A14: Forfait données internet tablettes enqueteurs | B14: 8 | C14: =Paramètres!$B$34 -> 26 | D14: 1 | E14: =B14*C14*D14 -> 208 | F14: Synchronisation quotidienne SurveyCTO.
A15: Crédit communication enquêteurs | B15: 5 | C15: =Paramètres!$B$34 -> 26 | D15: 1 | E15: =B15*C15*D15 -> 130 | F15: Appels entre équipes et coordination.
A16: Crédit communication superviseurs | B16: 18 | C16: =Paramètres!$B$36 -> 5 | D16: 1 | E16: =B16*C16*D16 -> 90 | F16: Plus d'appels pour coordonner.
A17: Forfait données internet tablettes superviseurs | B17: 27 | C17: =Paramètres!$B$36 -> 5 | D17: 1 | E17: =B17*C17*D17 -> 135 | F17: Plus d'appels pour coordonner.
A18: Courtoisie aux autorités locales | B18: 18 | C18: =Paramètres!$B$30 -> 150 | D18: 1 | E18: =B18*C18*D18 -> 2700 | F18: Geste de présentation par village (code social).
A19: TOTAL BASELINE | E19: =SUM(E5:E18) -> 35699

Sheet Intervention
A1: 4. INTERVENTION (65 villages de traitement)
A2: 65 facilitateurs × 3 mois d'animation + supervision ponctuelle + matériel
A4: Poste | B4: Prix Unitaire (USD) | C4: Nombre de Personnes | D4: Nombre de Mois/Jours/Unités | E4: Montant (USD) | F4: Justificatifs
A5: Taux facilitateurs (3 mois) | B5: =Paramètres!$B$8 -> 150 | C5: =Paramètres!$B$37 -> 65 | D5: =Paramètres!$B$38 -> 3 | E5: =B5*C5*D5 -> 29250 | F5: Taux fixé par le bailleur – point de vigilance à négocier.
A6: Transport facilitateurs | B6: 15 | C6: =Paramètres!$B$37 -> 65 | D6: =Paramètres!$B$38 -> 3 | E6: =B6*C6*D6 -> 2925 | F6: Déplacements locaux vers le village sur 3 mois.
A7: Crédit communication facilitateurs | B7: 5 | C7: =Paramètres!$B$37 -> 65 | D7: =Paramètres!$B$38 -> 3 | E7: =B7*C7*D7 -> 975 | F7: Appels aux participantes et à la coordination.
A8: Matériel d'animation (kit par village) | B8: 15 | C8: =Paramètres!$B$31 -> 100 | D8: 1 | E8: =B8*C8*D8 -> 1500 | F8: Flipchart, marqueurs, posters par village.
A9: Photocopies supports participants | B9: 1.5 | C9: =Paramètres!$B$31*Paramètres!$B$32 -> 1600 | D9: 1 | E9: =B9*C9*D9 -> 2400 | F9: 65 villages × 16 participantes = 1 040.
A10: Rafraîchissements réunions | B10: 25 | C10: =Paramètres!$B$31 -> 100 | D10: 1 | E10: =B10*C10*D10 -> 2500 | F10: Eau, boissons, biscuits pour les séances (code social).
A11: Supervision intervention | B11: =Paramètres!$B$7 -> 50 | C11: 3 | D11: 18 | E11: =B11*C11*D11 -> 2700 | F11: 3 superviseurs × 6 jours/mois × 3 mois = 18 jours.
A12: Location véhicule supervision | B12: =Paramètres!$B$23 -> 80 | C12: 1 | D12: 18 | E12: =B12*C12*D12 -> 1440 | F12: 1 véhicule partagé entre les 3 superviseurs.
A13: Carburant supervision | B13: =Paramètres!$B$25 -> 120 | C13: 1 | D13: 6 | E13: =B13*C13*D13 -> 720 | F13: Forfait moins intensif que baseline (1 seul véhicule).
A14: Réunions avec autorités locales | B14: 500 | C14: 1 | D14: 1 | E14: =B14*C14*D14 -> 500 | F14: Kola et gestes de courtoisie institutionnelle.
A15: TOTAL INTERVENTION | E15: =SUM(E5:E14) -> 44910

Sheet Endline
A1: 5. COLLECTE ENDLINE (2 080 enquêtes)
A2: Même dispositif que la baseline pour assurer la comparabilité méthodologique
A4: Poste | B4: Prix Unitaire (USD) | C4: Nombre de Personnes | D4: Nombre de Jours | E4: Montant (USD) | F4: Justificatifs
A5: Taux enquêteurs | B5: =Paramètres!$B$5 -> 28 | C5: =Paramètres!$B$34 -> 26 | D5: =Paramètres!$B$35 -> 16 | E5: =B5*C5*D5 -> 11648 | F5: Taux fixé par le bailleur
A6: Per diem enquêteurs (repas) | B6: =Paramètres!$B$15 -> 10 | C6: =Paramètres!$B$34 -> 26 | D6: =Paramètres!$B$35 -> 16 | E6: =B6*C6*D6 -> 4160 | F6: Repas en zone rurale.
A7: Hébergement enquêteurs | B7: =Paramètres!$B$20 -> 12 | C7: =Paramètres!$B$34 -> 26 | D7: =Paramètres!$B$35-2 -> 14 | E7: =B7*C7*D7 -> 4368 | F7: 14 nuits pour 16 jours.
A8: Transport local (moto-taxi) | B8: =Paramètres!$B$22 -> 5 | C8: =Paramètres!$B$34 -> 26 | D8: =Paramètres!$B$35 -> 16 | E8: =B8*C8*D8 -> 2080 | F8: Zémidjan pour déplacements inter et intra-village.
A9: Taux superviseurs | B9: =Paramètres!$B$6 -> 35 | C9: =Paramètres!$B$36 -> 5 | D9: =Paramètres!$B$35 -> 16 | E9: =B9*C9*D9 -> 2800 | F9: Profil expérimenté, ratio 1:5 enquêteurs.
A10: Per diem superviseurs(repas) | B10: =Paramètres!$B$16 -> 15 | C10: =Paramètres!$B$36 -> 5 | D10: =Paramètres!$B$35 -> 16 | E10: =B10*C10*D10 -> 1200 | F10: Per diem supérieur pour frais de représentation.
A11: Hébergement superviseurs | B11: =Paramètres!$B$21 -> 18 | C11: =Paramètres!$B$36 -> 5 | D11: =Paramètres!$B$35-2 -> 14 | E11: =B11*C11*D11 -> 1260 | F11: Standard supérieur aux enquêteurs.
A12: Location véhicules supervision | B12: =Paramètres!$B$23 -> 80 | C12: 3 | D12: =Paramètres!$B$35 -> 16 | E12: =B12*C12*D12 -> 3840 | F12: 3 véhicules pour couvrir les 3 zones géographiques.
A13: Carburant | B13: =Paramètres!$B$25 -> 120 | C13: 1 | D13: 9 | E13: =B13*C13*D13 -> 1080 | F13: Forfait global dépendant de la distance et de la saison.
A14: Forfait données internet tablettes enqueteurs | B14: 8 | C14: =Paramètres!$B$34 -> 26 | D14: 1 | E14: =B14*C14*D14 -> 208 | F14: Synchronisation quotidienne SurveyCTO.
A15: Crédit communication enquêteurs | B15: 5 | C15: =Paramètres!$B$34 -> 26 | D15: 1 | E15: =B15*C15*D15 -> 130 | F15: Appels entre équipes et coordination.
A16: Crédit communication superviseurs | B16: 18 | C16: =Paramètres!$B$36 -> 5 | D16: 1 | E16: =B16*C16*D16 -> 90 | F16: Plus d'appels pour coordonner.
A17: Forfait données internet tablettes superviseurs | B17: 27 | C17: =Paramètres!$B$36 -> 5 | D17: 1 | E17: =B17*C17*D17 -> 135 | F17: Plus d'appels pour coordonner.
A18: Courtoisie aux autorités locales | B18: 18 | C18: =Paramètres!$B$30 -> 150 | D18: 1 | E18: =B18*C18*D18 -> 2700 | F18: Geste de présentation par village (code social).
A19: TOTAL ENDLINE | E19: =SUM(E5:E18) -> 35699

Sheet ContrôleQualité
A1: 6. CONTRÔLE QUALITÉ
A2: Back-checks 15%
A4: Poste | B4: Prix Unitaire (USD) | C4: Nombre d'Enquêtes/Agents | D4: Nombre de Jours/Unités | E4: Montant (USD) | F4: Justificatifs
A5: Back-checks baseline (15%) | B5: 2 | C5: =ROUND(Paramètres!$B$33*0.15,0) -> 312 | D5: 1 | E5: =B5*C5*D5 -> 624 | F5: 15% × 2 080 = 312 ré-enquêtes. 2 USD couvre moto + gratification.
A6: Back-checks endline (15%) | B6: 2 | C6: =ROUND(Paramètres!$B$33*0.15,0) -> 312 | D6: 1 | E6: =B6*C6*D6 -> 624 | F6: Même dispositif qu'à la baseline.
A7: TOTAL CONTRÔLE QUALITÉ | E7: =SUM(E5:E6) -> 1248

Sheet GestionDonnées
A1: 7. GESTION DES DONNÉES
A3: Poste | B3: Prix Unitaire (USD) | C3: Nombre d'Unités/Personnes | D3: Nombre de Mois/Jours/Unités | E3: Montant (USD) | F3: Justificatifs
A4: Programmation questionnaire baseline | B4: 800 | C4: 1 | D4: 1 | E4: =B4*C4*D4 -> 800 | F4: Forfait 15-20 jours de programmation SurveyCTO.
A5: Programmation questionnaire endline | B5: 500 | C5: 1 | D5: 1 | E5: =B5*C5*D5 -> 500 | F5: Forfait 10 jours (dérivé du baseline).
A6: Licence serveur SurveyCTO | B6: 135 | C6: 1 | D6: 6 | E6: =B6*C6*D6 -> 810 | F6: Plan Analytics à 135 USD/mois pendant 6 mois.
A7: Tablettes de collecte (10 pouces) | B7: 180 | C7: 31 | D7: 1 | E7: =B7*C7*D7 -> 5580 | F7: 26 enquêteurs + 2 superviseurs + 2 rechange.
A8: Power banks + accessoires | B8: 25 | C8: 31 | D8: 1 | E8: =B8*C8*D8 -> 775 | F8: Power bank + coque + protecteur + câbles.
A9: Livraison base de données finale | B9: 500 | C9: 1 | D9: 1 | E9: =B9*C9*D9 -> 500 | F9: Base nettoyée + dictionnaire + métadossier.
A10: TOTAL GESTION DES DONNÉES | E10: =SUM(E4:E9) -> 8965

Sheet Coordination
A1: 8. COORDINATION ET GESTION DE PROJET
A2: Chef de projet (7 mois) + Coordinateur terrain (6 mois) + Assistant (7 mois) + frais de fonctionnement
A4: Poste | B4: Prix Unitaire (USD) | C4: Nombre de Personnes/Missions | D4: Nombre de Mois/Unités | E4: Montant (USD) | F4: Justificatifs
A5: Chef de projet | B5: =Paramètres!$B$9 -> 1200 | C5: 1 | D5: 7 | E5: =B5*C5*D5 -> 8400 | F5: Pilotage stratégique du projet sur toute la durée.
A6: Coordinateur de terrain | B6: =Paramètres!$B$10 -> 800 | C6: 1 | D6: 6 | E6: =B6*C6*D6 -> 4800 | F6: Pilotage opérationnel dans le Zou-Collines.
A7: Assistant de Recherche | B7: =Paramètres!$B$12 -> 500 | C7: 2 | D7: 7 | E7: =B7*C7*D7 -> 7000 | F7: Assistance technique
A8: Démarches administratives/autorisations | B8: 1000 | C8: 1 | D8: 1 | E8: =B8*C8*D8 -> 1000 | F8: Visa statistique, préfectures, ministères (4-8 semaines).
A9: Déplacements chef de projet | B9: 150 | C9: 6 | D9: 1 | E9: =B9*C9*D9 -> 900 | F9: 6 missions en 1 mois Cotonou-Zou-Collines.
A10: Data manager | B10: =Paramètres!$B$11 -> 700 | C10: 1 | D10: 5 | E10: =B10*C10*D10 -> 3500 | F10: Monitoring, nettoyage, livraison finale.
A11: TOTAL COORDINATION | E11: =SUM(E5:E10) -> 25600
