Workbook

Sheet Fiche à imprimer
A1: GUIDE DE RENSEIGNEMENT DES FILLES — PROMOTION 5ème
A2: École : ................................................................ Date : ........ / ........ / ............ Responsable : ................................................................
A3: Écrivez lisiblement, en lettres majuscules pour le nom. Pour « Avec qui vit-elle ? », cochez une seule case (☒). Une ligne = une élève.
A4: INFORMATIONS GÉNÉRALES SUR LA FILLE | F4: AVEC QUI VIT-ELLE ? | H4: MÈRE / TUTRICE | J4: PÈRE / TUTEUR | L4: TÂCHES MÉNAGÈRES
A5: N° | B5: Nom | C5: Prénoms | D5: Âge | E5: Classe | F5: Cocher une seule case | H5: Nom et prénoms | I5: Téléphone | J5: Nom et prénoms | K5: Téléphone | L5: Fait-elle des tâches ménagères ?
A6: 1 | F6: ☐ Père ☐ Mère ☐ Père et Mère | G6: ☐ Tuteur ☐ Tutrice ☐ Tuteur et Tutrice | L6: ☐ Oui ☐ Non
A7: 2 | F7: ☐ Père ☐ Mère ☐ Père et Mère | G7: ☐ Tuteur ☐ Tutrice ☐ Tuteur et Tutrice | L7: ☐ Oui ☐ Non
A8: 3 | F8: ☐ Père ☐ Mère ☐ Père et Mère | G8: ☐ Tuteur ☐ Tutrice ☐ Tuteur et Tutrice | L8: ☐ Oui ☐ Non
A9: 4 | F9: ☐ Père ☐ Mère ☐ Père et Mère | G9: ☐ Tuteur ☐ Tutrice ☐ Tuteur et Tutrice | L9: ☐ Oui ☐ Non
A10: 5 | F10: ☐ Père ☐ Mère ☐ Père et Mère | G10: ☐ Tuteur ☐ Tutrice ☐ Tuteur et Tutrice | L10: ☐ Oui ☐ Non
A11: 6 | F11: ☐ Père ☐ Mère ☐ Père et Mère | G11: ☐ Tuteur ☐ Tutrice ☐ Tuteur et Tutrice | L11: ☐ Oui ☐ Non
A12: 7 | F12: ☐ Père ☐ Mère ☐ Père et Mère | G12: ☐ Tuteur ☐ Tutrice ☐ Tuteur et Tutrice | L12: ☐ Oui ☐ Non
A13: 8 | F13: ☐ Père ☐ Mère ☐ Père et Mère | G13: ☐ Tuteur ☐ Tutrice ☐ Tuteur et Tutrice | L13: ☐ Oui ☐ Non
A14: 9 | F14: ☐ Père ☐ Mère ☐ Père et Mère | G14: ☐ Tuteur ☐ Tutrice ☐ Tuteur et Tutrice | L14: ☐ Oui ☐ Non
A15: 10 | F15: ☐ Père ☐ Mère ☐ Père et Mère | G15: ☐ Tuteur ☐ Tutrice ☐ Tuteur et Tutrice | L15: ☐ Oui ☐ Non
A16: 11 | F16: ☐ Père ☐ Mère ☐ Père et Mère | G16: ☐ Tuteur ☐ Tutrice ☐ Tuteur et Tutrice | L16: ☐ Oui ☐ Non
A17: 12 | F17: ☐ Père ☐ Mère ☐ Père et Mère | G17: ☐ Tuteur ☐ Tutrice ☐ Tuteur et Tutrice | L17: ☐ Oui ☐ Non
... A65: 60 | F65: ☐ Père ☐ Mère ☐ Père et Mère | G65: ☐ Tuteur ☐ Tutrice ☐ Tuteur et Tutrice | L65: ☐ Oui ☐ Non

Sheet Suivi des filles
A1: GUIDE DE RENSEIGNEMENT DES FILLES — PROMOTION 5ème
A2: Une ligne par élève : renseignez les cases blanches (listes déroulantes pour « Avec qui vit-elle ? » et « Tâches ménagères »). La ligne grisée « Ex. » n'est qu'un exemple de saisie : vous pouvez l'effacer.
A3: INFORMATIONS GÉNÉRALES SUR LA FILLE | F3: SITUATION FAMILIALE | G3: MÈRE / TUTRICE | J3: PÈRE / TUTEUR | M3: TÂCHES MÉNAGÈRES | N3: NOTES
A4: N° | B4: Nom | C4: Prénoms | D4: Âge | E4: Classe | F4: Avec qui vit-elle ? | G4: Nom | H4: Prénoms | I4: Téléphone | J4: Nom | K4: Prénoms | L4: Téléphone | M4: Fait-elle des tâches ménagères ? | N4: Observations
A5: Ex. | B5: HOUNKPATIN | C5: Aïcha | D5: 13 | E5: 5ème A | F5: Père et Mère | G5: HOUNKPATIN | H5: Mariam | I5: 01 97 00 00 00 | J5: HOUNKPATIN | K5: Raphaël | L5: 01 96 00 00 00 | M5: Oui | N5: Exemple de saisie
A6: 1
A7: 2
A8: 3
A9: 4
A10: 5
A11: 6
A12: 7
A13: 8
A14: 9
A15: 10
A16: 11
A17: 12
... A65: 60

Sheet Synthèse
A1: SYNTHÈSE — PROMOTION 5ème
A3: EFFECTIF
A4: Filles renseignées | B4: =COUNTA('Suivi des filles'!$B$6:$B$65) -> 0
A6: AVEC QUI VIT-ELLE ?
B7: Nombre | C7: Part
A8: Père | B8: =COUNTIF('Suivi des filles'!$F$6:$F$65,"Père") -> 0 | C8: =IF($B$4=0,0,B8/$B$4) -> 0
A9: Mère | B9: =COUNTIF('Suivi des filles'!$F$6:$F$65,"Mère") -> 0 | C9: =IF($B$4=0,0,B9/$B$4) -> 0
A10: Père et Mère | B10: =COUNTIF('Suivi des filles'!$F$6:$F$65,"Père et Mère") -> 0 | C10: =IF($B$4=0,0,B10/$B$4) -> 0
A11: Tuteur | B11: =COUNTIF('Suivi des filles'!$F$6:$F$65,"Tuteur") -> 0 | C11: =IF($B$4=0,0,B11/$B$4) -> 0
A12: Tutrice | B12: =COUNTIF('Suivi des filles'!$F$6:$F$65,"Tutrice") -> 0 | C12: =IF($B$4=0,0,B12/$B$4) -> 0
A13: Tuteur et Tutrice | B13: =COUNTIF('Suivi des filles'!$F$6:$F$65,"Tuteur et Tutrice") -> 0 | C13: =IF($B$4=0,0,B13/$B$4) -> 0
A14: Non renseigné | B14: =$B$4-SUM(B8:B13) -> 0 | C14: =IF($B$4=0,0,B14/$B$4) -> 0
A16: FAIT DES TÂCHES MÉNAGÈRES ?
B17: Nombre | C17: Part
A18: Oui | B18: =COUNTIF('Suivi des filles'!$M$6:$M$65,"Oui") -> 0 | C18: =IF($B$4=0,0,B18/$B$4) -> 0
A19: Non | B19: =COUNTIF('Suivi des filles'!$M$6:$M$65,"Non") -> 0 | C19: =IF($B$4=0,0,B19/$B$4) -> 0
A20: Non renseigné | B20: =$B$4-B18-B19 -> 0 | C20: =IF($B$4=0,0,B20/$B$4) -> 0
A22: Ces chiffres se mettent à jour automatiquement à partir de la feuille « Suivi des filles » (lignes 6 à 65).
