Workbook

Sheet Dispatching
A1: FRAIS DE DÉPLACEMENT DES DIRECTEURS DE CEG – DÉPARTEMENT DE L'ATLANTIQUE
A2: Rencontre avec les Directeurs de l'Atlantique à Cotonou (Sainte Rita)
A4: DEPARTEMENT | B4: COMMUNE | C4: ARRONDISSEMENT | D4: NOMETABLISSEMENT | E4: FRAIS DE DEPLACEMENT | F4: DISTANCE ESTIMÉE (km) | G4: ACCÈS | H4: OBSERVATION
A5: ATLANTIQUE | B5: ABOMEY-CALAVI | C5: GOLO-DJIGBE | D5: CEG 1 GOLO-DJIGBE | E5: =IF(OR(F5>Paramètres!$B$5,G5="Lacustre"),Paramètres!$B$7,Paramètres!$B$6) -> 20000 | F5: 32 | G5: Route | H5: =IF(G5="Lacustre","Accès par voie lacustre (pirogue) depuis Abomey-Calavi, trajet long et coûteux : tarif zone éloignée. Distance ≈ "&F5&" km",IF(F5>Paramètres!$B$5,"Zone éloignée : environ "&F5&" km de Cotonou (au-delà de "&Paramètres!$B$5&" km), commune de "&PROPER(B5),"Zone proche : environ "&F5&" km de Cotonou (≤ "&Paramètres!$B$5&" km), commune de "&PROPER(B5))) -> Zone éloignée : environ 32 km de Cotonou (au-delà de 30 km), commune de Abomey-Calavi
A6: ATLANTIQUE | B6: ABOMEY-CALAVI | C6: TOGBA | D6: CEG AHOSSOU GBETA | E6: =IF(OR(F6>Paramètres!$B$5,G6="Lacustre"),Paramètres!$B$7,Paramètres!$B$6) -> 15000 | F6: 15 | G6: Route | H6: =IF(G6="Lacustre","Accès par voie lacustre (pirogue) depuis Abomey-Calavi, trajet long et coûteux : tarif zone éloignée. Distance ≈ "&F6&" km",IF(F6>Paramètres!$B$5,"Zone éloignée : environ "&F6&" km de Cotonou (au-delà de "&Paramètres!$B$5&" km), commune de "&PROPER(B6),"Zone proche : environ "&F6&" km de Cotonou (≤ "&Paramètres!$B$5&" km), commune de "&PROPER(B6))) -> Zone proche : environ 15 km de Cotonou (≤ 30 km), commune de Abomey-Calavi
A7: ATLANTIQUE | B7: ABOMEY-CALAVI | C7: GODOMEY | D7: CEG DU PLATEAU | E7: =IF(OR(F7>Paramètres!$B$5,G7="Lacustre"),Paramètres!$B$7,Paramètres!$B$6) -> 15000 | F7: 10 | G7: Route | H7: =IF(G7="Lacustre","Accès par voie lacustre (pirogue) depuis Abomey-Calavi, trajet long et coûteux : tarif zone éloignée. Distance ≈ "&F7&" km",IF(F7>Paramètres!$B$5,"Zone éloignée : environ "&F7&" km de Cotonou (au-delà de "&Paramètres!$B$5&" km), commune de "&PROPER(B7),"Zone proche : environ "&F7&" km de Cotonou (≤ "&Paramètres!$B$5&" km), commune de "&PROPER(B7))) -> Zone proche : environ 10 km de Cotonou (≤ 30 km), commune de Abomey-Calavi
A8: ATLANTIQUE | B8: ABOMEY-CALAVI | C8: HEVIE | D8: CEG HEVIE | E8: =IF(OR(F8>Paramètres!$B$5,G8="Lacustre"),Paramètres!$B$7,Paramètres!$B$6) -> 15000 | F8: 25 | G8: Route | H8: =IF(G8="Lacustre","Accès par voie lacustre (pirogue) depuis Abomey-Calavi, trajet long et coûteux : tarif zone éloignée. Distance ≈ "&F8&" km",IF(F8>Paramètres!$B$5,"Zone éloignée : environ "&F8&" km de Cotonou (au-delà de "&Paramètres!$B$5&" km), commune de "&PROPER(B8),"Zone proche : environ "&F8&" km de Cotonou (≤ "&Paramètres!$B$5&" km), commune de "&PROPER(B8))) -> Zone proche : environ 25 km de Cotonou (≤ 30 km), commune de Abomey-Calavi
A9: ATLANTIQUE | B9: ABOMEY-CALAVI | C9: TOGBA | D9: CEG TANKPE | E9: =IF(OR(F9>Paramètres!$B$5,G9="Lacustre"),Paramètres!$B$7,Paramètres!$B$6) -> 15000 | F9: 15 | G9: Route | H9: =IF(G9="Lacustre","Accès par voie lacustre (pirogue) depuis Abomey-Calavi, trajet long et coûteux : tarif zone éloignée. Distance ≈ "&F9&" km",IF(F9>Paramètres!$B$5,"Zone éloignée : environ "&F9&" km de Cotonou (au-delà de "&Paramètres!$B$5&" km), commune de "&PROPER(B9),"Zone proche : environ "&F9&" km de Cotonou (≤ "&Paramètres!$B$5&" km), commune de "&PROPER(B9))) -> Zone proche : environ 15 km de Cotonou (≤ 30 km), commune de Abomey-Calavi
A10: ATLANTIQUE | B10: ABOMEY-CALAVI | C10: ZINVIE | D10: CEG ZINVIE | E10: =IF(OR(F10>Paramètres!$B$5,G10="Lacustre"),Paramètres!$B$7,Paramètres!$B$6) -> 15000 | F10: 28 | G10: Route | H10: =IF(G10="Lacustre","Accès par voie lacustre (pirogue) depuis Abomey-Calavi, trajet long et coûteux : tarif zone éloignée. Distance ≈ "&F10&" km",IF(F10>Paramètres!$B$5,"Zone éloignée : environ "&F10&" km de Cotonou (au-delà de "&Paramètres!$B$5&" km), commune de "&PROPER(B10),"Zone proche : environ "&F10&" km de Cotonou (≤ "&Paramètres!$B$5&" km), commune de "&PROPER(B10))) -> Zone proche : environ 28 km de Cotonou (≤ 30 km), commune de Abomey-Calavi
A11: ATLANTIQUE | B11: ABOMEY-CALAVI | C11: TOGBA | D11: CEG HOUETO | E11: =IF(OR(F11>Paramètres!$B$5,G11="Lacustre"),Paramètres!$B$7,Paramètres!$B$6) -> 15000 | F11: 15 | G11: Route | H11: =IF(G11="Lacustre","Accès par voie lacustre (pirogue) depuis Abomey-Calavi, trajet long et coûteux : tarif zone éloignée. Distance ≈ "&F11&" km",IF(F11>Paramètres!$B$5,"Zone éloignée : environ "&F11&" km de Cotonou (au-delà de "&Paramètres!$B$5&" km), commune de "&PROPER(B11),"Zone proche : environ "&F11&" km de Cotonou (≤ "&Paramètres!$B$5&" km), commune de "&PROPER(B11))) -> Zone proche : environ 15 km de Cotonou (≤ 30 km), commune de Abomey-Calavi
A12: ATLANTIQUE | B12: ABOMEY-CALAVI | C12: ABOMEY-CALAVI | D12: CEG KANSOUNKPA | E12: =IF(OR(F12>Paramètres!$B$5,G12="Lacustre"),Paramètres!$B$7,Paramètres!$B$6) -> 15000 | F12: 18 | G12: Route | H12: =IF(G12="Lacustre","Accès par voie lacustre (pirogue) depuis Abomey-Calavi, trajet long et coûteux : tarif zone éloignée. Distance ≈ "&F12&" km",IF(F12>Paramètres!$B$5,"Zone éloignée : environ "&F12&" km de Cotonou (au-delà de "&Paramètres!$B$5&" km), commune de "&PROPER(B12),"Zone proche : environ "&F12&" km de Cotonou (≤ "&Paramètres!$B$5&" km), commune de "&PROPER(B12))) -> Zone proche : environ 18 km de Cotonou (≤ 30 km), commune de Abomey-Calavi
A13: ATLANTIQUE | B13: ABOMEY-CALAVI | C13: OUEDO | D13: CEG LA VERDURE | E13: =IF(OR(F13>Paramètres!$B$5,G13="Lacustre"),Paramètres!$B$7,Paramètres!$B$6) -> 15000 | F13: 20 | G13: Route | H13: =IF(G13="Lacustre","Accès par voie lacustre (pirogue) depuis Abomey-Calavi, trajet long et coûteux : tarif zone éloignée. Distance ≈ "&F13&" km",IF(F13>Paramètres!$B$5,"Zone éloignée : environ "&F13&" km de Cotonou (au-delà de "&Paramètres!$B$5&" km), commune de "&PROPER(B13),"Zone proche : environ "&F13&" km de Cotonou (≤ "&Paramètres!$B$5&" km), commune de "&PROPER(B13))) -> Zone proche : environ 20 km de Cotonou (≤ 30 km), commune de Abomey-Calavi
A14: ATLANTIQUE | B14: ABOMEY-CALAVI | C14: GOLO-DJIGBE | D14: CEG 2 GOLO-DJIGBE | E14: =IF(OR(F14>Paramètres!$B$5,G14="Lacustre"),Paramètres!$B$7,Paramètres!$B$6) -> 20000 | F14: 32 | G14: Route | H14: =IF(G14="Lacustre","Accès par voie lacustre (pirogue) depuis Abomey-Calavi, trajet long et coûteux : tarif zone éloignée. Distance ≈ "&F14&" km",IF(F14>Paramètres!$B$5,"Zone éloignée : environ "&F14&" km de Cotonou (au-delà de "&Paramètres!$B$5&" km), commune de "&PROPER(B14),"Zone proche : environ "&F14&" km de Cotonou (≤ "&Paramètres!$B$5&" km), commune de "&PROPER(B14))) -> Zone éloignée : environ 32 km de Cotonou (au-delà de 30 km), commune de Abomey-Calavi
A15: ATLANTIQUE | B15: ABOMEY-CALAVI | C15: GOLO-DJIGBE | D15: CEG 3 GOLO DJIGBE | E15: =IF(OR(F15>Paramètres!$B$5,G15="Lacustre"),Paramètres!$B$7,Paramètres!$B$6) -> 20000 | F15: 32 | G15: Route | H15: =IF(G15="Lacustre","Accès par voie lacustre (pirogue) depuis Abomey-Calavi, trajet long et coûteux : tarif zone éloignée. Distance ≈ "&F15&" km",IF(F15>Paramètres!$B$5,"Zone éloignée : environ "&F15&" km de Cotonou (au-delà de "&Paramètres!$B$5&" km), commune de "&PROPER(B15),"Zone proche : environ "&F15&" km de Cotonou (≤ "&Paramètres!$B$5&" km), commune de "&PROPER(B15))) -> Zone éloignée : environ 32 km de Cotonou (au-delà de 30 km), commune de Abomey-Calavi
A16: ATLANTIQUE | B16: ABOMEY-CALAVI | C16: AKASSATO | D16: CEG AGASSA-GODOMEY | E16: =IF(OR(F16>Paramètres!$B$5,G16="Lacustre"),Paramètres!$B$7,Paramètres!$B$6) -> 15000 | F16: 22 | G16: Route | H16: =IF(G16="Lacustre","Accès par voie lacustre (pirogue) depuis Abomey-Calavi, trajet long et coûteux : tarif zone éloignée. Distance ≈ "&F16&" km",IF(F16>Paramètres!$B$5,"Zone éloignée : environ "&F16&" km de Cotonou (au-delà de "&Paramètres!$B$5&" km), commune de "&PROPER(B16),"Zone proche : environ "&F16&" km de Cotonou (≤ "&Paramètres!$B$5&" km), commune de "&PROPER(B16))) -> Zone proche : environ 22 km de Cotonou (≤ 30 km), commune de Abomey-Calavi
... A88: ATLANTIQUE | B88: ZE | C88: SEDJE-HOUEGOUDO | D88: CEG SEDJE-HOUEGOUDO | E88: =IF(OR(F88>Paramètres!$B$5,G88="Lacustre"),Paramètres!$B$7,Paramètres!$B$6) -> 20000 | F88: 50 | G88: Route | H88: =IF(G88="Lacustre","Accès par voie lacustre (pirogue) depuis Abomey-Calavi, trajet long et coûteux : tarif zone éloignée. Distance ≈ "&F88&" km",IF(F88>Paramètres!$B$5,"Zone éloignée : environ "&F88&" km de Cotonou (au-delà de "&Paramètres!$B$5&" km), commune de "&PROPER(B88),"Zone proche : environ "&F88&" km de Cotonou (≤ "&Paramètres!$B$5&" km), commune de "&PROPER(B88))) -> Zone éloignée : environ 50 km de Cotonou (au-delà de 30 km), commune de Ze
A89: TOTAL | E89: =SUM(E5:E88) -> 1600000
A91: Note : les distances (en bleu, modifiables) sont des estimations routières approximatives depuis Cotonou ; les frais se recalculent automatiquement.

Sheet Paramètres
A1: PARAMÈTRES DU BARÈME
A3: Lieu de la réunion | B3: Cotonou – Sainte Rita | C3: Point de référence des distances
A5: Seuil de distance (km) | B5: 30 | C5: Au-delà de ce seuil (ou accès lacustre) : tarif zone éloignée
A6: Zone proche (FCFA) | B6: 15000 | C6: Directeurs situés à ≤ seuil
A7: Zone éloignée (FCFA) | B7: 20000 | C7: Directeurs situés > seuil ou en zone lacustre
A9: Cellules jaunes = modifiables (le fichier se recalcule).
A11: RÉCAPITULATIF PAR COMMUNE
A12: Commune | B12: Nb directeurs | C12: Nb à 15 000 | D12: Nb à 20 000 | E12: Total (FCFA)
A13: ABOMEY-CALAVI | B13: =COUNTIF(Dispatching!$B$5:$B$88,A13) -> 19 | C13: =COUNTIFS(Dispatching!$B$5:$B$88,A13,Dispatching!$E$5:$E$88,$B$6) -> 16 | D13: =COUNTIFS(Dispatching!$B$5:$B$88,A13,Dispatching!$E$5:$E$88,$B$7) -> 3 | E13: =SUMIF(Dispatching!$B$5:$B$88,A13,Dispatching!$E$5:$E$88) -> 300000
A14: ALLADA | B14: =COUNTIF(Dispatching!$B$5:$B$88,A14) -> 14 | C14: =COUNTIFS(Dispatching!$B$5:$B$88,A14,Dispatching!$E$5:$E$88,$B$6) -> 0 | D14: =COUNTIFS(Dispatching!$B$5:$B$88,A14,Dispatching!$E$5:$E$88,$B$7) -> 14 | E14: =SUMIF(Dispatching!$B$5:$B$88,A14,Dispatching!$E$5:$E$88) -> 280000
A15: KPOMASSE | B15: =COUNTIF(Dispatching!$B$5:$B$88,A15) -> 10 | C15: =COUNTIFS(Dispatching!$B$5:$B$88,A15,Dispatching!$E$5:$E$88,$B$6) -> 0 | D15: =COUNTIFS(Dispatching!$B$5:$B$88,A15,Dispatching!$E$5:$E$88,$B$7) -> 10 | E15: =SUMIF(Dispatching!$B$5:$B$88,A15,Dispatching!$E$5:$E$88) -> 200000
A16: OUIDAH | B16: =COUNTIF(Dispatching!$B$5:$B$88,A16) -> 9 | C16: =COUNTIFS(Dispatching!$B$5:$B$88,A16,Dispatching!$E$5:$E$88,$B$6) -> 0 | D16: =COUNTIFS(Dispatching!$B$5:$B$88,A16,Dispatching!$E$5:$E$88,$B$7) -> 9 | E16: =SUMIF(Dispatching!$B$5:$B$88,A16,Dispatching!$E$5:$E$88) -> 180000
A17: SO-AVA | B17: =COUNTIF(Dispatching!$B$5:$B$88,A17) -> 5 | C17: =COUNTIFS(Dispatching!$B$5:$B$88,A17,Dispatching!$E$5:$E$88,$B$6) -> 0 | D17: =COUNTIFS(Dispatching!$B$5:$B$88,A17,Dispatching!$E$5:$E$88,$B$7) -> 5 | E17: =SUMIF(Dispatching!$B$5:$B$88,A17,Dispatching!$E$5:$E$88) -> 100000
A18: TOFFO | B18: =COUNTIF(Dispatching!$B$5:$B$88,A18) -> 9 | C18: =COUNTIFS(Dispatching!$B$5:$B$88,A18,Dispatching!$E$5:$E$88,$B$6) -> 0 | D18: =COUNTIFS(Dispatching!$B$5:$B$88,A18,Dispatching!$E$5:$E$88,$B$7) -> 9 | E18: =SUMIF(Dispatching!$B$5:$B$88,A18,Dispatching!$E$5:$E$88) -> 180000
A19: TORI-BOSSITO | B19: =COUNTIF(Dispatching!$B$5:$B$88,A19) -> 8 | C19: =COUNTIFS(Dispatching!$B$5:$B$88,A19,Dispatching!$E$5:$E$88,$B$6) -> 0 | D19: =COUNTIFS(Dispatching!$B$5:$B$88,A19,Dispatching!$E$5:$E$88,$B$7) -> 8 | E19: =SUMIF(Dispatching!$B$5:$B$88,A19,Dispatching!$E$5:$E$88) -> 160000
A20: ZE | B20: =COUNTIF(Dispatching!$B$5:$B$88,A20) -> 10 | C20: =COUNTIFS(Dispatching!$B$5:$B$88,A20,Dispatching!$E$5:$E$88,$B$6) -> 0 | D20: =COUNTIFS(Dispatching!$B$5:$B$88,A20,Dispatching!$E$5:$E$88,$B$7) -> 10 | E20: =SUMIF(Dispatching!$B$5:$B$88,A20,Dispatching!$E$5:$E$88) -> 200000
A21: TOTAL | B21: =SUM(B13:B20) -> 84 | C21: =SUM(C13:C20) -> 16 | D21: =SUM(D13:D20) -> 68 | E21: =SUM(E13:E20) -> 1600000
